ID,orderDate,region,material_ID,quantity,netPrice
1,2025-10-01,NL,M-300,2,158.0
2,2025-10-01,DE,M-100,10,1200.0
3,2025-10-01,DE,M-500,4,50.0
4,2025-10-02,DE,M-100,7,840.0
5,2025-10-02,US,M-200,9,4320.0
6,2025-10-02,DE,M-100,10,1200.0
7,2025-10-02,NL,M-500,11,137.5
8,2025-10-03,DE,M-300,4,316.0
9,2025-10-03,IN,M-300,3,237.0
10,2025-10-03,DE,M-300,9,711.0
11,2025-10-03,FR,M-300,9,711.0
12,2025-10-03,FR,M-100,10,1200.0
13,2025-10-06,NL,M-100,1,120.0
14,2025-10-06,NL,M-100,11,1320.0
15,2025-10-06,US,M-300,6,474.0
16,2025-10-06,IN,M-300,8,632.0
17,2025-10-06,FR,M-200,3,1440.0
18,2025-10-07,US,M-300,6,474.0
19,2025-10-07,DE,M-200,2,960.0
20,2025-10-07,IN,M-300,3,237.0
21,2025-10-07,US,M-100,8,960.0
22,2025-10-07,DE,M-100,11,1320.0
23,2025-10-08,IN,M-500,10,125.0
24,2025-10-08,NL,M-200,6,2880.0
25,2025-10-08,DE,M-300,8,632.0
26,2025-10-08,US,M-500,5,62.5
27,2025-10-09,NL,M-500,5,62.5
28,2025-10-09,IN,M-500,8,100.0
29,2025-10-09,IN,M-400,11,16500.0
30,2025-10-10,IN,M-100,8,960.0
31,2025-10-10,US,M-100,2,240.0
32,2025-10-10,FR,M-100,5,600.0
33,2025-10-13,NL,M-100,7,840.0
34,2025-10-13,US,M-200,3,1440.0
35,2025-10-13,US,M-500,5,62.5
36,2025-10-13,US,M-500,11,137.5
37,2025-10-13,DE,M-500,3,37.5
38,2025-10-14,FR,M-100,4,480.0
39,2025-10-14,FR,M-100,10,1200.0
40,2025-10-14,FR,M-200,1,480.0
41,2025-10-15,NL,M-300,3,237.0
42,2025-10-15,DE,M-500,11,137.5
43,2025-10-16,NL,M-300,11,869.0
44,2025-10-16,US,M-300,7,553.0
45,2025-10-16,US,M-100,11,1320.0
46,2025-10-16,FR,M-100,2,240.0
47,2025-10-17,DE,M-300,2,158.0
48,2025-10-17,DE,M-300,9,711.0
49,2025-10-17,DE,M-500,10,125.0
50,2025-10-18,NL,M-100,4,480.0
51,2025-10-20,IN,M-500,10,125.0
52,2025-10-20,US,M-300,2,158.0
53,2025-10-20,US,M-500,8,100.0
54,2025-10-20,FR,M-300,2,158.0
55,2025-10-20,IN,M-100,6,720.0
56,2025-10-21,NL,M-300,4,316.0
57,2025-10-22,NL,M-300,12,948.0
58,2025-10-22,IN,M-500,9,112.5
59,2025-10-22,IN,M-500,2,25.0
60,2025-10-22,IN,M-300,3,237.0
61,2025-10-23,FR,M-500,6,75.0
62,2025-10-23,FR,M-300,4,316.0
63,2025-10-23,FR,M-500,12,150.0
64,2025-10-23,IN,M-100,8,960.0
65,2025-10-24,IN,M-500,1,12.5
66,2025-10-24,NL,M-300,4,316.0
67,2025-10-25,IN,M-500,6,75.0
68,2025-10-25,FR,M-100,2,240.0
69,2025-10-27,DE,M-300,10,790.0
70,2025-10-27,IN,M-300,11,869.0
71,2025-10-28,DE,M-500,2,25.0
72,2025-10-28,FR,M-500,12,150.0
73,2025-10-28,US,M-300,3,237.0
74,2025-10-28,DE,M-500,6,75.0
75,2025-10-29,DE,M-300,7,553.0
76,2025-10-29,FR,M-500,3,37.5
77,2025-10-29,US,M-100,10,1200.0
78,2025-10-29,NL,M-500,3,37.5
79,2025-10-29,IN,M-500,8,100.0
80,2025-10-31,DE,M-100,12,1440.0
81,2025-10-31,US,M-300,3,237.0
82,2025-10-31,FR,M-500,4,50.0
83,2025-10-31,IN,M-100,4,480.0
84,2025-10-31,IN,M-300,10,790.0
85,2025-11-01,FR,M-200,7,3360.0
86,2025-11-01,IN,M-100,12,1440.0
87,2025-11-02,US,M-500,9,112.5
88,2025-11-02,FR,M-500,9,112.5
89,2025-11-03,NL,M-300,9,711.0
90,2025-11-03,FR,M-100,8,960.0
91,2025-11-04,US,M-100,3,360.0
92,2025-11-04,NL,M-300,2,158.0
93,2025-11-05,NL,M-100,11,1320.0
94,2025-11-05,DE,M-300,8,632.0
95,2025-11-06,DE,M-100,1,120.0
96,2025-11-06,DE,M-300,9,711.0
97,2025-11-06,US,M-500,2,25.0
98,2025-11-06,NL,M-200,9,4320.0
99,2025-11-07,IN,M-300,12,948.0
100,2025-11-07,US,M-300,9,711.0
101,2025-11-07,NL,M-300,4,316.0
102,2025-11-08,FR,M-200,9,4320.0
103,2025-11-08,US,M-500,3,37.5
104,2025-11-08,IN,M-100,8,960.0
105,2025-11-10,IN,M-100,11,1320.0
106,2025-11-10,IN,M-500,3,37.5
107,2025-11-10,US,M-100,3,360.0
108,2025-11-10,US,M-100,2,240.0
109,2025-11-10,FR,M-500,3,37.5
110,2025-11-11,NL,M-100,7,840.0
111,2025-11-11,FR,M-300,7,553.0
112,2025-11-11,IN,M-200,2,960.0
113,2025-11-11,US,M-100,9,1080.0
114,2025-11-12,IN,M-200,10,4800.0
115,2025-11-12,DE,M-300,2,158.0
116,2025-11-12,DE,M-500,4,50.0
117,2025-11-13,DE,M-100,5,600.0
118,2025-11-13,IN,M-500,3,37.5
119,2025-11-13,IN,M-500,7,87.5
120,2025-11-13,NL,M-300,9,711.0
121,2025-11-14,FR,M-100,1,120.0
122,2025-11-14,IN,M-300,2,158.0
123,2025-11-16,NL,M-500,2,25.0
124,2025-11-16,IN,M-500,2,25.0
125,2025-11-16,DE,M-500,8,100.0
126,2025-11-17,US,M-200,9,4320.0
127,2025-11-17,NL,M-500,5,62.5
128,2025-11-17,FR,M-100,9,1080.0
129,2025-11-18,FR,M-200,3,1440.0
130,2025-11-18,IN,M-500,11,137.5
131,2025-11-18,IN,M-300,4,316.0
132,2025-11-18,FR,M-300,11,869.0
133,2025-11-18,IN,M-200,1,480.0
134,2025-11-18,NL,M-100,1,120.0
135,2025-11-18,NL,M-300,4,316.0
136,2025-11-19,DE,M-300,8,632.0
137,2025-11-19,US,M-300,11,869.0
138,2025-11-20,IN,M-500,9,112.5
139,2025-11-20,IN,M-400,4,6000.0
140,2025-11-20,FR,M-100,12,1440.0
141,2025-11-21,DE,M-300,6,474.0
142,2025-11-21,DE,M-500,1,12.5
143,2025-11-24,NL,M-400,7,10500.0
144,2025-11-24,NL,M-400,5,7500.0
145,2025-11-24,DE,M-200,5,2400.0
146,2025-11-25,IN,M-300,3,237.0
147,2025-11-25,IN,M-300,5,395.0
148,2025-11-25,IN,M-500,9,112.5
149,2025-11-25,FR,M-200,5,2400.0
150,2025-11-26,IN,M-300,8,632.0
151,2025-11-26,FR,M-300,4,316.0
152,2025-11-26,DE,M-300,1,79.0
153,2025-11-26,FR,M-200,2,960.0
154,2025-11-27,US,M-300,1,79.0
155,2025-11-27,FR,M-100,5,600.0
156,2025-11-27,FR,M-100,9,1080.0
157,2025-11-27,NL,M-300,12,948.0
158,2025-11-28,IN,M-500,3,37.5
159,2025-11-28,FR,M-500,11,137.5
160,2025-11-28,NL,M-100,12,1440.0
161,2025-11-29,NL,M-300,12,948.0
162,2025-11-30,NL,M-300,1,79.0
163,2025-11-30,FR,M-500,12,150.0
164,2025-12-01,FR,M-100,1,120.0
165,2025-12-01,US,M-300,2,158.0
166,2025-12-01,DE,M-500,9,112.5
167,2025-12-01,NL,M-300,11,869.0
168,2025-12-01,IN,M-400,8,12000.0
169,2025-12-02,NL,M-500,9,112.5
170,2025-12-02,DE,M-100,9,1080.0
171,2025-12-02,IN,M-500,8,100.0
172,2025-12-02,FR,M-500,5,62.5
173,2025-12-02,FR,M-500,4,50.0
174,2025-12-02,US,M-500,8,100.0
175,2025-12-03,US,M-500,2,25.0
176,2025-12-03,DE,M-500,5,62.5
177,2025-12-03,FR,M-300,11,869.0
178,2025-12-03,IN,M-100,3,360.0
179,2025-12-04,FR,M-200,10,4800.0
180,2025-12-04,US,M-100,1,120.0
181,2025-12-04,DE,M-200,11,5280.0
182,2025-12-04,US,M-400,11,16500.0
183,2025-12-05,IN,M-200,9,4320.0
184,2025-12-05,DE,M-300,8,632.0
185,2025-12-05,FR,M-500,9,112.5
186,2025-12-05,US,M-200,2,960.0
187,2025-12-05,DE,M-100,8,960.0
188,2025-12-05,IN,M-500,8,100.0
189,2025-12-07,NL,M-500,2,25.0
190,2025-12-07,NL,M-100,12,1440.0
191,2025-12-07,FR,M-200,6,2880.0
192,2025-12-08,IN,M-200,2,960.0
193,2025-12-08,US,M-200,8,3840.0
194,2025-12-09,US,M-100,1,120.0
195,2025-12-09,IN,M-400,7,10500.0
196,2025-12-10,IN,M-300,2,158.0
197,2025-12-10,US,M-100,6,720.0
198,2025-12-10,DE,M-100,4,480.0
199,2025-12-10,IN,M-500,5,62.5
200,2025-12-11,US,M-300,7,553.0
201,2025-12-11,DE,M-500,10,125.0
202,2025-12-12,IN,M-200,1,480.0
203,2025-12-12,IN,M-100,11,1320.0
204,2025-12-12,FR,M-300,3,237.0
205,2025-12-13,NL,M-500,7,87.5
206,2025-12-13,US,M-200,6,2880.0
207,2025-12-14,NL,M-300,9,711.0
208,2025-12-14,DE,M-100,2,240.0
209,2025-12-14,US,M-500,7,87.5
210,2025-12-15,IN,M-300,3,237.0
211,2025-12-15,FR,M-300,9,711.0
212,2025-12-16,IN,M-200,5,2400.0
213,2025-12-16,IN,M-300,4,316.0
214,2025-12-16,US,M-300,11,869.0
215,2025-12-16,FR,M-100,11,1320.0
216,2025-12-16,US,M-100,9,1080.0
217,2025-12-17,IN,M-300,8,632.0
218,2025-12-17,US,M-500,8,100.0
219,2025-12-17,FR,M-100,4,480.0
220,2025-12-17,NL,M-100,6,720.0
221,2025-12-17,IN,M-100,4,480.0
222,2025-12-18,US,M-500,12,150.0
223,2025-12-18,NL,M-300,12,948.0
224,2025-12-18,IN,M-100,5,600.0
225,2025-12-18,IN,M-500,8,100.0
226,2025-12-19,FR,M-300,6,474.0
227,2025-12-19,FR,M-400,9,13500.0
228,2025-12-19,US,M-100,4,480.0
229,2025-12-19,US,M-300,8,632.0
230,2025-12-19,FR,M-500,1,12.5
231,2025-12-19,US,M-100,12,1440.0
232,2025-12-20,US,M-100,9,1080.0
233,2025-12-20,DE,M-500,4,50.0
234,2025-12-22,US,M-500,2,25.0
235,2025-12-22,DE,M-100,1,120.0
236,2025-12-22,NL,M-500,4,50.0
237,2025-12-22,IN,M-500,11,137.5
238,2025-12-23,IN,M-500,11,137.5
239,2025-12-23,DE,M-300,7,553.0
240,2025-12-23,NL,M-100,5,600.0
241,2025-12-23,US,M-500,4,50.0
242,2025-12-23,DE,M-200,10,4800.0
243,2025-12-24,FR,M-300,6,474.0
244,2025-12-24,NL,M-300,4,316.0
245,2025-12-24,IN,M-200,7,3360.0
246,2025-12-24,US,M-100,4,480.0
247,2025-12-24,US,M-500,11,137.5
248,2025-12-25,US,M-100,4,480.0
249,2025-12-25,US,M-500,4,50.0
250,2025-12-25,US,M-100,6,720.0
251,2025-12-25,FR,M-300,7,553.0
252,2025-12-26,FR,M-500,2,25.0
253,2025-12-26,IN,M-300,4,316.0
254,2025-12-26,FR,M-500,4,50.0
255,2025-12-26,IN,M-300,5,395.0
256,2025-12-26,US,M-100,10,1200.0
257,2025-12-27,US,M-300,4,316.0
258,2025-12-29,US,M-500,3,37.5
259,2025-12-29,NL,M-100,1,120.0
260,2025-12-29,DE,M-100,1,120.0
261,2025-12-29,IN,M-100,8,960.0
262,2025-12-29,FR,M-500,2,25.0
263,2025-12-30,US,M-500,12,150.0
264,2025-12-30,US,M-100,11,1320.0
265,2025-12-30,US,M-500,6,75.0
266,2025-12-31,DE,M-100,1,120.0
267,2025-12-31,US,M-200,6,2880.0
268,2025-12-31,NL,M-500,2,25.0
269,2025-12-31,US,M-500,4,50.0
270,2025-12-31,US,M-200,5,2400.0
271,2026-01-01,US,M-100,9,1080.0
272,2026-01-01,US,M-100,6,720.0
273,2026-01-01,FR,M-100,7,840.0
274,2026-01-01,DE,M-500,7,87.5
275,2026-01-01,DE,M-300,8,632.0
276,2026-01-01,IN,M-500,1,12.5
277,2026-01-02,NL,M-100,2,240.0
278,2026-01-02,IN,M-200,5,2400.0
279,2026-01-02,DE,M-500,10,125.0
280,2026-01-02,IN,M-200,12,5760.0
281,2026-01-02,DE,M-500,5,62.5
282,2026-01-05,DE,M-100,4,480.0
283,2026-01-05,US,M-300,8,632.0
284,2026-01-05,US,M-500,7,87.5
285,2026-01-05,FR,M-100,8,960.0
286,2026-01-05,IN,M-100,12,1440.0
287,2026-01-07,IN,M-300,6,474.0
288,2026-01-07,DE,M-300,10,790.0
289,2026-01-07,FR,M-300,7,553.0
290,2026-01-07,DE,M-200,2,960.0
291,2026-01-07,IN,M-300,9,711.0
292,2026-01-08,DE,M-100,7,840.0
293,2026-01-08,NL,M-500,5,62.5
294,2026-01-09,US,M-300,12,948.0
295,2026-01-09,US,M-100,3,360.0
296,2026-01-09,FR,M-300,11,869.0
297,2026-01-09,DE,M-500,11,137.5
298,2026-01-10,IN,M-500,5,62.5
299,2026-01-12,FR,M-200,5,2400.0
300,2026-01-12,FR,M-300,3,237.0
301,2026-01-12,NL,M-200,5,2400.0
302,2026-01-12,US,M-100,2,240.0
303,2026-01-12,NL,M-200,4,1920.0
304,2026-01-13,DE,M-100,8,960.0
305,2026-01-13,FR,M-100,8,960.0
306,2026-01-14,DE,M-500,6,75.0
307,2026-01-14,DE,M-500,4,50.0
308,2026-01-14,NL,M-100,10,1200.0
309,2026-01-14,IN,M-100,2,240.0
310,2026-01-15,DE,M-300,11,869.0
311,2026-01-15,NL,M-100,10,1200.0
312,2026-01-15,IN,M-200,1,480.0
313,2026-01-16,FR,M-200,1,480.0
314,2026-01-16,NL,M-500,1,12.5
315,2026-01-16,DE,M-500,4,50.0
316,2026-01-16,IN,M-500,7,87.5
317,2026-01-17,NL,M-100,8,960.0
318,2026-01-18,DE,M-300,7,553.0
319,2026-01-18,NL,M-500,11,137.5
320,2026-01-19,IN,M-300,7,553.0
321,2026-01-19,IN,M-300,5,395.0
322,2026-01-19,IN,M-300,1,79.0
323,2026-01-19,US,M-500,6,75.0
324,2026-01-19,FR,M-300,6,474.0
325,2026-01-20,FR,M-300,7,553.0
326,2026-01-20,FR,M-500,7,87.5
327,2026-01-20,US,M-300,2,158.0
328,2026-01-20,US,M-300,6,474.0
329,2026-01-20,DE,M-500,3,37.5
330,2026-01-21,DE,M-500,7,87.5
331,2026-01-21,NL,M-300,6,474.0
332,2026-01-21,IN,M-100,6,720.0
333,2026-01-21,DE,M-100,3,360.0
334,2026-01-21,FR,M-100,8,960.0
335,2026-01-22,US,M-200,1,480.0
336,2026-01-22,US,M-200,10,4800.0
337,2026-01-22,NL,M-100,12,1440.0
338,2026-01-22,FR,M-400,3,4500.0
339,2026-01-23,FR,M-100,8,960.0
340,2026-01-23,US,M-300,1,79.0
341,2026-01-25,FR,M-200,3,1440.0
342,2026-01-26,DE,M-500,4,50.0
343,2026-01-26,DE,M-500,11,137.5
344,2026-01-26,DE,M-400,6,9000.0
345,2026-01-26,NL,M-300,8,632.0
346,2026-01-27,NL,M-300,5,395.0
347,2026-01-27,IN,M-200,7,3360.0
348,2026-01-27,FR,M-300,8,632.0
349,2026-01-27,US,M-100,10,1200.0
350,2026-01-27,NL,M-300,8,632.0
351,2026-01-28,FR,M-500,8,100.0
352,2026-01-28,DE,M-500,7,87.5
353,2026-01-29,NL,M-300,8,632.0
354,2026-01-29,DE,M-300,1,79.0
355,2026-01-29,IN,M-300,2,158.0
356,2026-01-29,DE,M-500,9,112.5
357,2026-01-29,US,M-100,9,1080.0
358,2026-01-30,DE,M-300,3,237.0
359,2026-01-30,DE,M-500,10,125.0
360,2026-01-30,IN,M-100,8,960.0
361,2026-01-30,FR,M-500,3,37.5
362,2026-01-30,NL,M-100,6,720.0
363,2026-01-31,US,M-500,5,62.5
364,2026-02-02,NL,M-500,4,50.0
365,2026-02-02,FR,M-200,9,4320.0
366,2026-02-02,FR,M-200,1,480.0
367,2026-02-02,IN,M-100,3,360.0
368,2026-02-02,FR,M-400,7,10500.0
369,2026-02-03,DE,M-500,5,62.5
370,2026-02-03,IN,M-500,1,12.5
371,2026-02-03,NL,M-500,8,100.0
372,2026-02-03,DE,M-300,12,948.0
373,2026-02-03,US,M-200,9,4320.0
374,2026-02-04,NL,M-300,6,474.0
375,2026-02-04,DE,M-100,6,720.0
376,2026-02-04,NL,M-300,3,237.0
377,2026-02-04,IN,M-500,1,12.5
378,2026-02-05,IN,M-500,5,62.5
379,2026-02-05,IN,M-300,10,790.0
380,2026-02-05,DE,M-500,12,150.0
381,2026-02-06,NL,M-300,7,553.0
382,2026-02-06,FR,M-300,1,79.0
383,2026-02-06,DE,M-300,10,790.0
384,2026-02-06,NL,M-100,1,120.0
385,2026-02-07,NL,M-200,2,960.0
386,2026-02-07,US,M-200,4,1920.0
387,2026-02-09,US,M-100,10,1200.0
388,2026-02-09,FR,M-100,1,120.0
389,2026-02-09,DE,M-400,8,12000.0
390,2026-02-10,US,M-400,5,7500.0
391,2026-02-10,DE,M-500,1,12.5
392,2026-02-10,IN,M-300,9,711.0
393,2026-02-10,US,M-300,10,790.0
394,2026-02-10,US,M-300,9,711.0
395,2026-02-11,DE,M-200,1,480.0
396,2026-02-11,US,M-100,1,120.0
397,2026-02-11,DE,M-100,3,360.0
398,2026-02-11,DE,M-500,2,25.0
399,2026-02-12,FR,M-100,7,840.0
400,2026-02-12,NL,M-300,11,869.0
401,2026-02-13,NL,M-300,7,553.0
402,2026-02-13,DE,M-100,5,600.0
403,2026-02-13,US,M-200,1,480.0
404,2026-02-14,US,M-500,12,150.0
405,2026-02-16,IN,M-100,2,240.0
406,2026-02-16,DE,M-200,1,480.0
407,2026-02-16,IN,M-200,12,5760.0
408,2026-02-16,NL,M-400,5,7500.0
409,2026-02-16,NL,M-400,11,16500.0
410,2026-02-16,FR,M-500,5,62.5
411,2026-02-17,DE,M-100,9,1080.0
412,2026-02-17,FR,M-100,4,480.0
413,2026-02-17,IN,M-500,12,150.0
414,2026-02-17,IN,M-100,7,840.0
415,2026-02-17,NL,M-300,7,553.0
416,2026-02-18,US,M-400,1,1500.0
417,2026-02-19,NL,M-500,4,50.0
418,2026-02-19,US,M-500,4,50.0
419,2026-02-19,NL,M-300,2,158.0
420,2026-02-19,DE,M-500,3,37.5
421,2026-02-19,NL,M-100,2,240.0
422,2026-02-20,DE,M-100,1,120.0
423,2026-02-20,DE,M-100,12,1440.0
424,2026-02-20,DE,M-400,12,18000.0
425,2026-02-20,IN,M-100,10,1200.0
426,2026-02-20,DE,M-100,9,1080.0
427,2026-02-22,DE,M-400,7,10500.0
428,2026-02-22,DE,M-200,4,1920.0
429,2026-02-23,DE,M-100,11,1320.0
430,2026-02-23,IN,M-500,11,137.5
431,2026-02-24,FR,M-500,11,137.5
432,2026-02-24,US,M-200,6,2880.0
433,2026-02-24,IN,M-200,6,2880.0
434,2026-02-25,IN,M-500,1,12.5
435,2026-02-25,NL,M-500,10,125.0
436,2026-02-25,NL,M-300,5,395.0
437,2026-02-25,DE,M-500,7,87.5
438,2026-02-26,DE,M-200,12,5760.0
439,2026-02-26,DE,M-300,4,316.0
440,2026-02-27,FR,M-300,5,395.0
441,2026-02-27,FR,M-300,9,711.0
442,2026-02-27,DE,M-200,1,480.0
443,2026-02-27,US,M-200,2,960.0
444,2026-02-27,US,M-400,3,4500.0
445,2026-03-02,FR,M-100,4,480.0
446,2026-03-02,DE,M-300,2,158.0
447,2026-03-03,NL,M-300,12,948.0
448,2026-03-03,IN,M-500,11,137.5
449,2026-03-03,US,M-200,7,3360.0
450,2026-03-03,DE,M-500,12,150.0
451,2026-03-04,IN,M-300,5,395.0
452,2026-03-04,NL,M-300,9,711.0
453,2026-03-05,FR,M-100,11,1320.0
454,2026-03-05,NL,M-500,3,37.5
455,2026-03-05,NL,M-300,12,948.0
456,2026-03-05,NL,M-300,6,474.0
457,2026-03-05,US,M-200,3,1440.0
458,2026-03-06,IN,M-100,8,960.0
459,2026-03-06,IN,M-300,3,237.0
460,2026-03-06,FR,M-300,12,948.0
461,2026-03-09,FR,M-500,10,125.0
462,2026-03-09,IN,M-500,4,50.0
463,2026-03-09,FR,M-300,6,474.0
464,2026-03-09,IN,M-200,4,1920.0
465,2026-03-10,DE,M-100,11,1320.0
466,2026-03-10,FR,M-100,3,360.0
467,2026-03-10,IN,M-500,12,150.0
468,2026-03-10,DE,M-300,4,316.0
469,2026-03-10,IN,M-300,2,158.0
470,2026-03-10,US,M-100,7,840.0
471,2026-03-10,US,M-100,7,840.0
472,2026-03-11,IN,M-400,9,13500.0
473,2026-03-11,IN,M-300,3,237.0
474,2026-03-11,DE,M-300,7,553.0
475,2026-03-11,NL,M-500,7,87.5
476,2026-03-12,NL,M-500,11,137.5
477,2026-03-12,FR,M-500,11,137.5
478,2026-03-13,US,M-300,8,632.0
479,2026-03-13,DE,M-200,11,5280.0
480,2026-03-13,US,M-500,4,50.0
481,2026-03-16,NL,M-300,10,790.0
482,2026-03-16,IN,M-400,3,4500.0
483,2026-03-16,DE,M-500,7,87.5
484,2026-03-16,FR,M-100,126,15120.0
485,2026-03-17,US,M-300,2,158.0
486,2026-03-17,DE,M-300,12,948.0
487,2026-03-17,US,M-300,6,474.0
488,2026-03-17,FR,M-500,112,1400.0
489,2026-03-17,NL,M-300,2,158.0
490,2026-03-17,US,M-200,1,480.0
491,2026-03-18,IN,M-300,7,553.0
492,2026-03-18,US,M-300,28,2212.0
493,2026-03-18,US,M-500,9,112.5
494,2026-03-18,DE,M-300,42,3318.0
495,2026-03-19,NL,M-500,154,1925.0
496,2026-03-19,US,M-500,3,37.5
497,2026-03-19,FR,M-300,5,395.0
498,2026-03-19,FR,M-500,8,100.0
499,2026-03-20,US,M-200,7,3360.0
500,2026-03-20,IN,M-100,12,1440.0
501,2026-03-20,US,M-200,5,2400.0
502,2026-03-20,IN,M-300,154,12166.0
503,2026-03-21,DE,M-100,5,600.0
504,2026-03-21,FR,M-100,10,1200.0
505,2026-03-23,DE,M-300,11,869.0
506,2026-03-23,IN,M-100,2,240.0
507,2026-03-23,NL,M-200,2,960.0
508,2026-03-23,FR,M-100,4,480.0
509,2026-03-24,NL,M-100,7,840.0
510,2026-03-24,NL,M-100,12,1440.0
511,2026-03-24,NL,M-500,2,25.0
512,2026-03-24,FR,M-500,5,62.5
513,2026-03-25,NL,M-300,4,316.0
514,2026-03-25,DE,M-100,8,960.0
515,2026-03-25,US,M-300,5,395.0
516,2026-03-26,US,M-300,1,79.0
517,2026-03-26,US,M-300,3,237.0
518,2026-03-26,NL,M-200,3,1440.0
519,2026-03-26,DE,M-300,12,948.0
520,2026-03-27,US,M-100,6,720.0
521,2026-03-27,IN,M-400,8,12000.0
522,2026-03-27,US,M-500,6,75.0
523,2026-03-27,DE,M-300,11,869.0
524,2026-03-27,DE,M-100,6,720.0
525,2026-03-28,DE,M-500,6,75.0
526,2026-03-29,FR,M-300,8,632.0
527,2026-03-30,DE,M-300,6,474.0
528,2026-03-30,IN,M-500,6,75.0
529,2026-03-30,NL,M-300,9,711.0
530,2026-03-30,IN,M-500,4,50.0
531,2026-03-30,IN,M-300,7,553.0
532,2026-03-30,IN,M-300,5,395.0
533,2026-03-30,US,M-200,8,3840.0
534,2026-03-31,NL,M-200,5,2400.0
535,2026-03-31,US,M-200,4,1920.0
536,2026-03-31,FR,M-500,6,75.0
537,2026-03-31,FR,M-200,5,2400.0
538,2026-03-31,DE,M-300,11,869.0
539,2026-04-01,NL,M-500,7,87.5
540,2026-04-01,IN,M-300,7,553.0
541,2026-04-01,FR,M-100,1,120.0
542,2026-04-01,NL,M-500,8,100.0
543,2026-04-02,NL,M-500,1,12.5
544,2026-04-02,US,M-500,10,125.0
545,2026-04-02,NL,M-300,11,869.0
546,2026-04-02,FR,M-500,2,25.0
547,2026-04-03,DE,M-300,3,237.0
548,2026-04-03,US,M-400,1,1500.0
549,2026-04-03,DE,M-500,11,137.5
550,2026-04-03,IN,M-300,3,237.0
551,2026-04-03,IN,M-300,5,395.0
552,2026-04-03,IN,M-100,1,120.0
553,2026-04-04,NL,M-100,10,1200.0
554,2026-04-05,DE,M-300,1,79.0
555,2026-04-06,NL,M-500,7,87.5
556,2026-04-06,US,M-400,7,10500.0
557,2026-04-06,US,M-100,11,1320.0
558,2026-04-06,FR,M-300,11,869.0
559,2026-04-07,US,M-100,11,1320.0
560,2026-04-07,DE,M-100,3,360.0
561,2026-04-07,DE,M-300,1,79.0
562,2026-04-08,FR,M-500,2,25.0
563,2026-04-08,US,M-500,3,37.5
564,2026-04-08,NL,M-100,12,1440.0
565,2026-04-08,FR,M-200,12,5760.0
566,2026-04-09,FR,M-500,12,150.0
567,2026-04-09,IN,M-500,2,25.0
568,2026-04-09,US,M-300,12,948.0
569,2026-04-09,DE,M-300,5,395.0
570,2026-04-09,DE,M-400,1,1500.0
571,2026-04-10,NL,M-100,11,1320.0
572,2026-04-10,IN,M-100,5,600.0
573,2026-04-10,US,M-500,3,37.5
574,2026-04-10,IN,M-300,6,474.0
575,2026-04-11,FR,M-300,3,237.0
576,2026-04-11,IN,M-500,2,25.0
577,2026-04-11,US,M-500,3,37.5
578,2026-04-13,NL,M-300,5,395.0
579,2026-04-13,DE,M-200,5,2400.0
580,2026-04-14,NL,M-300,11,869.0
581,2026-04-14,DE,M-200,10,4800.0
582,2026-04-14,IN,M-500,10,125.0
583,2026-04-14,US,M-300,4,316.0
584,2026-04-14,NL,M-300,7,553.0
585,2026-04-15,DE,M-300,12,948.0
586,2026-04-15,US,M-200,5,2400.0
587,2026-04-15,IN,M-100,1,120.0
588,2026-04-15,FR,M-500,10,125.0
589,2026-04-16,US,M-200,9,4320.0
590,2026-04-16,NL,M-200,2,960.0
591,2026-04-16,FR,M-300,7,553.0
592,2026-04-17,NL,M-500,5,62.5
593,2026-04-17,US,M-100,7,840.0
594,2026-04-17,NL,M-400,5,7500.0
595,2026-04-17,US,M-500,7,87.5
596,2026-04-17,IN,M-300,9,711.0
597,2026-04-19,NL,M-300,5,395.0
598,2026-04-20,NL,M-200,9,4320.0
599,2026-04-20,FR,M-100,4,480.0
600,2026-04-20,IN,M-100,12,1440.0
601,2026-04-21,FR,M-300,9,711.0
602,2026-04-21,IN,M-200,8,3840.0
603,2026-04-21,US,M-500,6,75.0
604,2026-04-22,IN,M-500,3,37.5
605,2026-04-22,IN,M-300,6,474.0
606,2026-04-22,DE,M-300,1,79.0
607,2026-04-22,US,M-100,10,1200.0
608,2026-04-22,IN,M-300,4,316.0
609,2026-04-22,US,M-500,5,62.5
610,2026-04-23,FR,M-300,10,790.0
611,2026-04-23,IN,M-200,1,480.0
612,2026-04-23,US,M-100,3,360.0
613,2026-04-23,DE,M-100,1,120.0
614,2026-04-23,US,M-300,12,948.0
615,2026-04-23,NL,M-300,2,158.0
616,2026-04-24,DE,M-300,2,158.0
617,2026-04-24,FR,M-200,10,4800.0
618,2026-04-24,NL,M-300,11,869.0
619,2026-04-24,FR,M-300,8,632.0
620,2026-04-24,FR,M-300,4,316.0
621,2026-04-25,NL,M-500,1,12.5
622,2026-04-25,IN,M-500,1,12.5
623,2026-04-26,US,M-500,12,150.0
624,2026-04-26,IN,M-100,3,360.0
625,2026-04-26,IN,M-500,4,50.0
626,2026-04-26,DE,M-300,8,632.0
627,2026-04-27,US,M-300,6,474.0
628,2026-04-27,FR,M-300,8,632.0
629,2026-04-27,DE,M-500,11,137.5
630,2026-04-28,DE,M-300,4,316.0
631,2026-04-28,DE,M-100,4,480.0
632,2026-04-28,FR,M-500,6,75.0
633,2026-04-28,US,M-500,2,25.0
634,2026-04-28,DE,M-500,11,137.5
635,2026-04-29,DE,M-500,8,100.0
636,2026-04-29,IN,M-300,3,237.0
637,2026-04-29,FR,M-200,1,480.0
638,2026-04-30,FR,M-400,9,13500.0
639,2026-04-30,IN,M-300,3,237.0
640,2026-04-30,FR,M-300,4,316.0
641,2026-04-30,IN,M-100,10,1200.0
642,2026-04-30,IN,M-200,3,1440.0
643,2026-05-01,FR,M-500,2,25.0
644,2026-05-01,FR,M-500,1,12.5
645,2026-05-01,DE,M-300,5,395.0
646,2026-05-02,IN,M-200,4,1920.0
647,2026-05-04,DE,M-200,4,1920.0
648,2026-05-04,FR,M-300,7,553.0
649,2026-05-04,IN,M-100,12,1440.0
650,2026-05-04,DE,M-100,11,1320.0
651,2026-05-04,IN,M-300,9,711.0
652,2026-05-05,IN,M-500,9,112.5
653,2026-05-05,DE,M-100,7,840.0
654,2026-05-05,IN,M-500,4,50.0
655,2026-05-06,FR,M-300,3,237.0
656,2026-05-06,FR,M-300,4,316.0
657,2026-05-06,DE,M-100,2,240.0
658,2026-05-06,US,M-500,12,150.0
659,2026-05-07,FR,M-100,11,1320.0
660,2026-05-07,DE,M-300,4,316.0
661,2026-05-07,NL,M-100,12,1440.0
662,2026-05-07,DE,M-300,12,948.0
663,2026-05-08,IN,M-300,6,474.0
664,2026-05-08,US,M-200,11,5280.0
665,2026-05-08,US,M-100,7,840.0
666,2026-05-09,IN,M-200,10,4800.0
667,2026-05-09,IN,M-100,12,1440.0
668,2026-05-10,IN,M-300,1,79.0
669,2026-05-10,NL,M-300,8,632.0
670,2026-05-11,US,M-200,6,2880.0
671,2026-05-11,IN,M-300,1,79.0
672,2026-05-11,US,M-500,12,150.0
673,2026-05-11,NL,M-300,1,79.0
674,2026-05-11,DE,M-500,3,37.5
675,2026-05-11,FR,M-200,2,960.0
676,2026-05-12,DE,M-300,3,237.0
677,2026-05-12,DE,M-200,9,4320.0
678,2026-05-12,FR,M-100,12,1440.0
679,2026-05-12,NL,M-200,10,4800.0
680,2026-05-12,US,M-300,4,316.0
681,2026-05-13,IN,M-400,1,1500.0
682,2026-05-13,NL,M-100,8,960.0
683,2026-05-13,DE,M-300,5,395.0
684,2026-05-13,FR,M-100,7,840.0
685,2026-05-13,FR,M-300,4,316.0
686,2026-05-13,US,M-100,10,1200.0
687,2026-05-13,DE,M-500,3,37.5
688,2026-05-14,US,M-500,7,87.5
689,2026-05-14,NL,M-300,10,790.0
690,2026-05-14,IN,M-100,1,120.0
691,2026-05-14,IN,M-200,4,1920.0
692,2026-05-14,IN,M-400,10,15000.0
693,2026-05-14,DE,M-500,9,112.5
694,2026-05-15,FR,M-400,6,9000.0
695,2026-05-15,DE,M-500,11,137.5
696,2026-05-15,FR,M-300,9,711.0
697,2026-05-15,FR,M-100,7,840.0
698,2026-05-16,FR,M-300,1,79.0
699,2026-05-17,DE,M-500,8,100.0
700,2026-05-17,DE,M-500,1,12.5
701,2026-05-17,IN,M-500,10,125.0
702,2026-05-18,IN,M-500,10,125.0
703,2026-05-18,NL,M-300,1,79.0
704,2026-05-18,NL,M-100,2,240.0
705,2026-05-18,DE,M-100,4,480.0
706,2026-05-18,IN,M-200,5,2400.0
707,2026-05-18,DE,M-300,2,158.0
708,2026-05-18,IN,M-300,9,711.0
709,2026-05-19,DE,M-500,8,100.0
710,2026-05-19,US,M-300,5,395.0
711,2026-05-19,FR,M-300,5,395.0
712,2026-05-19,NL,M-500,12,150.0
713,2026-05-19,NL,M-200,8,3840.0
714,2026-05-19,US,M-400,4,6000.0
715,2026-05-20,IN,M-100,12,1440.0
716,2026-05-20,IN,M-300,9,711.0
717,2026-05-20,IN,M-300,8,632.0
718,2026-05-20,FR,M-100,6,720.0
719,2026-05-20,US,M-100,9,1080.0
720,2026-05-21,FR,M-500,3,37.5
721,2026-05-21,US,M-200,6,2880.0
722,2026-05-21,IN,M-200,4,1920.0
723,2026-05-21,FR,M-100,1,120.0
724,2026-05-21,IN,M-300,10,790.0
725,2026-05-21,NL,M-300,1,79.0
726,2026-05-22,IN,M-300,8,632.0
727,2026-05-22,NL,M-500,2,25.0
728,2026-05-22,FR,M-200,11,5280.0
729,2026-05-22,IN,M-300,11,869.0
730,2026-05-23,NL,M-300,5,395.0
731,2026-05-24,US,M-100,12,1440.0
732,2026-05-24,FR,M-200,11,5280.0
733,2026-05-25,NL,M-300,9,711.0
734,2026-05-25,NL,M-100,7,840.0
735,2026-05-25,NL,M-100,5,600.0
736,2026-05-25,US,M-300,7,553.0
737,2026-05-26,IN,M-400,5,7500.0
738,2026-05-26,NL,M-200,7,3360.0
739,2026-05-26,IN,M-300,7,553.0
740,2026-05-26,US,M-100,12,1440.0
741,2026-05-26,FR,M-300,5,395.0
742,2026-05-27,NL,M-300,7,553.0
743,2026-05-27,IN,M-200,6,2880.0
744,2026-05-28,FR,M-500,10,125.0
745,2026-05-28,US,M-500,4,50.0
746,2026-05-28,DE,M-500,1,12.5
747,2026-05-28,US,M-100,10,1200.0
748,2026-05-29,US,M-200,10,4800.0
749,2026-05-29,US,M-300,9,711.0
750,2026-05-29,DE,M-300,6,474.0
751,2026-05-29,US,M-300,6,474.0
752,2026-05-30,DE,M-500,11,137.5
753,2026-05-30,US,M-300,2,158.0
754,2026-05-30,NL,M-300,7,553.0
755,2026-05-31,US,M-100,7,840.0
756,2026-05-31,NL,M-300,10,790.0
757,2026-06-01,DE,M-200,9,4320.0
758,2026-06-01,IN,M-100,6,720.0
759,2026-06-01,NL,M-500,5,62.5
760,2026-06-01,IN,M-100,11,1320.0
761,2026-06-02,FR,M-500,7,87.5
762,2026-06-02,FR,M-300,9,711.0
763,2026-06-02,US,M-300,4,316.0
764,2026-06-03,NL,M-100,11,1320.0
765,2026-06-03,NL,M-300,6,474.0
766,2026-06-04,DE,M-100,7,840.0
767,2026-06-04,NL,M-500,5,62.5
768,2026-06-04,US,M-100,5,600.0
769,2026-06-04,DE,M-500,10,125.0
770,2026-06-04,FR,M-400,4,6000.0
771,2026-06-04,NL,M-300,9,711.0
772,2026-06-04,NL,M-200,11,5280.0
773,2026-06-05,NL,M-300,3,237.0
774,2026-06-05,DE,M-100,10,1200.0
775,2026-06-05,NL,M-100,9,1080.0
776,2026-06-05,DE,M-100,2,240.0
777,2026-06-06,US,M-500,10,125.0
778,2026-06-06,DE,M-500,1,12.5
779,2026-06-07,IN,M-400,10,15000.0
780,2026-06-07,IN,M-100,4,480.0
781,2026-06-08,DE,M-300,10,790.0
782,2026-06-08,NL,M-200,8,3840.0
783,2026-06-08,FR,M-300,1,79.0
784,2026-06-08,DE,M-500,10,125.0
785,2026-06-09,FR,M-300,10,790.0
786,2026-06-09,FR,M-200,1,480.0
787,2026-06-09,IN,M-500,3,37.5
788,2026-06-09,IN,M-100,8,960.0
789,2026-06-09,US,M-300,5,395.0
790,2026-06-10,NL,M-400,11,16500.0
791,2026-06-10,US,M-200,5,2400.0
792,2026-06-10,DE,M-500,8,100.0
793,2026-06-10,DE,M-500,4,50.0
794,2026-06-10,US,M-100,6,720.0
795,2026-06-11,US,M-100,5,600.0
796,2026-06-11,IN,M-300,2,158.0
797,2026-06-11,IN,M-300,7,553.0
798,2026-06-11,DE,M-300,2,158.0
799,2026-06-12,FR,M-300,7,553.0
800,2026-06-12,FR,M-300,6,474.0
801,2026-06-13,DE,M-300,5,395.0
802,2026-06-13,FR,M-200,3,1440.0
803,2026-06-14,NL,M-200,3,1440.0
804,2026-06-15,FR,M-300,4,316.0
805,2026-06-22,US,M-300,4,316.0
806,2026-06-22,FR,M-300,10,790.0
807,2026-06-22,NL,M-200,8,3840.0
808,2026-06-22,FR,M-100,8,960.0
809,2026-06-23,NL,M-300,8,632.0
810,2026-06-23,FR,M-500,9,112.5
811,2026-06-23,FR,M-300,9,711.0
812,2026-06-23,NL,M-100,2,240.0
813,2026-06-23,US,M-100,5,600.0
814,2026-06-23,NL,M-100,12,1440.0
815,2026-06-23,US,M-100,1,120.0
816,2026-06-23,FR,M-400,12,18000.0
817,2026-06-23,IN,M-500,4,50.0
818,2026-06-24,DE,M-100,2,240.0
819,2026-06-24,NL,M-300,6,474.0
820,2026-06-24,DE,M-500,4,50.0
821,2026-06-25,US,M-200,12,5760.0
822,2026-06-25,US,M-200,7,3360.0
823,2026-06-25,FR,M-500,11,137.5
824,2026-06-25,DE,M-500,3,37.5
825,2026-06-26,IN,M-300,11,869.0
826,2026-06-26,US,M-500,1,12.5
827,2026-06-26,IN,M-200,7,3360.0
828,2026-06-26,FR,M-500,2,25.0
829,2026-06-28,DE,M-300,4,316.0
830,2026-06-28,FR,M-300,10,790.0
831,2026-06-29,DE,M-100,12,1440.0
832,2026-06-29,FR,M-300,11,869.0
833,2026-06-30,NL,M-300,4,316.0
834,2026-06-30,IN,M-300,9,711.0
835,2026-06-30,NL,M-500,11,137.5
836,2026-06-30,DE,M-200,1,480.0
837,2026-06-30,IN,M-500,11,137.5
838,2026-06-30,NL,M-500,10,125.0
839,2026-07-01,IN,M-400,1,1500.0
840,2026-07-01,DE,M-100,6,720.0
841,2026-07-01,US,M-300,12,948.0
842,2026-07-02,FR,M-500,10,125.0
843,2026-07-03,US,M-500,7,87.5
844,2026-07-03,NL,M-500,12,150.0
845,2026-07-03,US,M-500,11,137.5
846,2026-07-03,FR,M-300,11,869.0
847,2026-07-04,FR,M-300,9,711.0
848,2026-07-06,IN,M-500,9,112.5
849,2026-07-06,FR,M-100,3,360.0
850,2026-07-06,DE,M-300,4,316.0
851,2026-07-06,US,M-100,6,720.0
852,2026-07-06,IN,M-100,11,1320.0
853,2026-07-07,FR,M-300,8,632.0
854,2026-07-07,NL,M-400,1,1500.0
855,2026-07-07,IN,M-400,3,4500.0
856,2026-07-07,FR,M-400,3,4500.0
857,2026-07-07,IN,M-300,4,316.0
858,2026-07-07,NL,M-300,2,158.0
859,2026-07-08,FR,M-300,3,237.0
860,2026-07-08,US,M-300,8,632.0
861,2026-07-08,IN,M-500,2,25.0
862,2026-07-08,FR,M-100,8,960.0
863,2026-07-08,IN,M-100,5,600.0
864,2026-07-08,IN,M-100,12,1440.0
865,2026-07-09,NL,M-200,8,3840.0
866,2026-07-09,NL,M-300,3,237.0
867,2026-07-09,US,M-100,1,120.0
868,2026-07-09,DE,M-500,8,100.0
869,2026-07-10,NL,M-500,6,75.0
870,2026-07-10,US,M-200,11,5280.0
871,2026-07-10,FR,M-500,8,100.0
872,2026-07-10,DE,M-500,6,75.0
873,2026-07-10,IN,M-200,2,960.0
874,2026-07-13,DE,M-200,3,1440.0
875,2026-07-13,FR,M-100,7,840.0
876,2026-07-13,NL,M-200,3,1440.0
877,2026-07-13,FR,M-500,11,137.5
878,2026-07-14,IN,M-100,12,1440.0
879,2026-07-14,US,M-500,6,75.0
880,2026-07-14,IN,M-100,6,720.0
881,2026-07-14,NL,M-200,3,1440.0
882,2026-07-15,DE,M-200,1,480.0
883,2026-07-15,US,M-100,11,1320.0
884,2026-07-15,US,M-500,4,50.0
885,2026-07-15,FR,M-300,12,948.0
886,2026-07-15,NL,M-500,10,125.0
887,2026-07-15,FR,M-300,3,237.0
888,2026-07-15,US,M-100,8,960.0
889,2026-07-16,US,M-100,1,120.0
890,2026-07-16,IN,M-300,4,316.0
891,2026-07-16,NL,M-100,10,1200.0
892,2026-07-17,US,M-400,9,13500.0
893,2026-07-17,US,M-500,2,25.0
894,2026-07-17,FR,M-100,3,360.0
895,2026-07-17,US,M-300,1,79.0
896,2026-07-18,IN,M-500,11,137.5
897,2026-07-20,US,M-300,9,711.0
898,2026-07-20,FR,M-300,9,711.0
899,2026-07-20,NL,M-500,10,125.0
900,2026-07-20,IN,M-100,1,120.0
901,2026-07-21,US,M-300,6,474.0
902,2026-07-21,IN,M-300,3,237.0
903,2026-07-21,DE,M-500,9,112.5
904,2026-07-21,US,M-500,4,50.0
905,2026-07-22,NL,M-400,3,4500.0
906,2026-07-22,US,M-300,10,790.0
907,2026-07-22,NL,M-300,4,316.0
908,2026-07-22,DE,M-300,5,395.0
909,2026-07-23,DE,M-100,12,1440.0
910,2026-07-23,DE,M-200,5,2400.0
911,2026-07-23,IN,M-100,11,1320.0
912,2026-07-23,NL,M-400,4,6000.0
913,2026-07-23,NL,M-300,9,711.0
914,2026-07-24,NL,M-400,12,18000.0
915,2026-07-24,DE,M-500,10,125.0
916,2026-07-24,DE,M-500,11,137.5
917,2026-07-24,NL,M-500,3,37.5
918,2026-07-24,DE,M-300,12,948.0
919,2026-07-24,NL,M-300,12,948.0
920,2026-07-24,US,M-100,11,1320.0
921,2026-07-24,NL,M-300,4,316.0
922,2026-07-24,FR,M-300,2,158.0
923,2026-07-26,IN,M-300,1,79.0
924,2026-07-26,NL,M-100,12,1440.0
925,2026-07-27,US,M-100,3,360.0
926,2026-07-27,NL,M-500,2,25.0
927,2026-07-27,NL,M-500,4,50.0
928,2026-07-27,IN,M-100,12,1440.0
929,2026-07-27,IN,M-100,12,1440.0
930,2026-07-27,DE,M-500,12,150.0
931,2026-07-28,FR,M-500,2,25.0
932,2026-07-28,NL,M-300,12,948.0
933,2026-07-28,US,M-500,12,150.0
934,2026-07-28,IN,M-100,10,1200.0
935,2026-07-29,DE,M-500,2,25.0
936,2026-07-29,FR,M-500,11,137.5
937,2026-07-29,US,M-200,4,1920.0
938,2026-07-29,US,M-100,10,1200.0
939,2026-07-29,US,M-100,1,120.0
940,2026-07-29,FR,M-100,5,600.0
941,2026-07-30,US,M-100,5,600.0
942,2026-07-30,IN,M-500,10,125.0
943,2026-07-30,IN,M-300,12,948.0
944,2026-07-30,DE,M-500,1,12.5
945,2026-07-30,US,M-200,3,1440.0
946,2026-07-30,DE,M-300,1,79.0
947,2026-07-31,US,M-300,10,790.0
948,2026-07-31,US,M-500,3,37.5
949,2026-07-31,NL,M-300,10,790.0
950,2026-07-31,NL,M-100,6,720.0
951,2026-07-31,NL,M-100,3,360.0
952,2026-07-31,FR,M-300,4,316.0
953,2026-07-31,US,M-500,12,150.0
954,2026-08-01,US,M-200,8,3840.0
955,2026-08-01,DE,M-500,6,75.0
956,2026-08-03,US,M-200,4,1920.0
957,2026-08-03,DE,M-500,10,125.0
958,2026-08-03,FR,M-300,12,948.0
959,2026-08-03,DE,M-200,5,2400.0
960,2026-08-03,IN,M-300,5,395.0
961,2026-08-03,NL,M-300,9,711.0
962,2026-08-04,DE,M-100,9,1080.0
963,2026-08-04,NL,M-500,7,87.5
964,2026-08-04,IN,M-300,6,474.0
965,2026-08-04,FR,M-500,4,50.0
966,2026-08-04,IN,M-400,5,7500.0
967,2026-08-04,FR,M-500,9,112.5
968,2026-08-04,US,M-200,9,4320.0
969,2026-08-04,IN,M-200,12,5760.0
970,2026-08-04,NL,M-400,8,12000.0
971,2026-08-05,FR,M-300,4,316.0
972,2026-08-05,FR,M-500,3,37.5
973,2026-08-05,US,M-100,11,1320.0
974,2026-08-06,NL,M-500,3,37.5
975,2026-08-06,IN,M-100,5,600.0
976,2026-08-06,NL,M-200,10,4800.0
977,2026-08-07,DE,M-300,6,474.0
978,2026-08-07,DE,M-500,10,125.0
979,2026-08-07,NL,M-300,5,395.0
980,2026-08-07,IN,M-200,8,3840.0
981,2026-08-07,US,M-500,12,150.0
982,2026-08-07,US,M-500,2,25.0
983,2026-08-09,DE,M-500,9,112.5
984,2026-08-09,IN,M-500,11,137.5
985,2026-08-10,FR,M-100,8,960.0
986,2026-08-10,NL,M-500,5,62.5
987,2026-08-10,FR,M-300,4,316.0
988,2026-08-10,NL,M-500,3,37.5
989,2026-08-10,NL,M-100,2,240.0
990,2026-08-11,DE,M-200,3,1440.0
991,2026-08-11,DE,M-100,9,1080.0
992,2026-08-11,FR,M-300,1,79.0
993,2026-08-11,DE,M-200,12,5760.0
994,2026-08-11,NL,M-300,7,553.0
995,2026-08-12,DE,M-100,7,840.0
996,2026-08-12,IN,M-100,10,1200.0
997,2026-08-12,US,M-500,10,125.0
998,2026-08-12,DE,M-200,8,3840.0
999,2026-08-13,NL,M-100,6,720.0
1000,2026-08-13,DE,M-300,6,474.0
1001,2026-08-13,IN,M-300,12,948.0
1002,2026-08-14,DE,M-100,9,1080.0
1003,2026-08-14,US,M-200,6,2880.0
1004,2026-08-14,NL,M-200,11,5280.0
1005,2026-08-14,NL,M-500,3,37.5
1006,2026-08-14,NL,M-300,4,316.0
1007,2026-08-15,US,M-200,12,5760.0
1008,2026-08-16,US,M-200,9,4320.0
1009,2026-08-17,NL,M-300,6,474.0
1010,2026-08-17,FR,M-300,5,395.0
1011,2026-08-18,FR,M-100,6,720.0
1012,2026-08-18,US,M-500,4,50.0
1013,2026-08-18,DE,M-500,2,25.0
1014,2026-08-18,DE,M-300,2,158.0
1015,2026-08-18,NL,M-300,4,316.0
1016,2026-08-19,NL,M-500,5,62.5
1017,2026-08-19,FR,M-300,3,237.0
1018,2026-08-19,NL,M-500,3,37.5
1019,2026-08-19,FR,M-100,12,1440.0
1020,2026-08-19,FR,M-300,8,632.0
1021,2026-08-19,US,M-300,6,474.0
1022,2026-08-19,DE,M-300,6,474.0
1023,2026-08-20,US,M-100,11,1320.0
1024,2026-08-20,DE,M-400,6,9000.0
1025,2026-08-20,US,M-200,7,3360.0
1026,2026-08-20,FR,M-500,7,87.5
1027,2026-08-20,IN,M-100,1,120.0
1028,2026-08-20,FR,M-400,4,6000.0
1029,2026-08-20,US,M-200,6,2880.0
1030,2026-08-21,US,M-300,5,395.0
1031,2026-08-21,FR,M-100,10,1200.0
1032,2026-08-21,FR,M-300,5,395.0
1033,2026-08-21,DE,M-500,5,62.5
1034,2026-08-21,FR,M-200,8,3840.0
1035,2026-08-21,NL,M-100,11,1320.0
1036,2026-08-24,IN,M-100,12,1440.0
1037,2026-08-24,FR,M-100,8,960.0
1038,2026-08-25,IN,M-300,3,237.0
1039,2026-08-25,FR,M-400,2,3000.0
1040,2026-08-25,FR,M-500,1,12.5
1041,2026-08-26,FR,M-500,2,25.0
1042,2026-08-26,DE,M-300,7,553.0
1043,2026-08-26,US,M-300,11,869.0
1044,2026-08-26,NL,M-500,1,12.5
1045,2026-08-26,DE,M-200,11,5280.0
1046,2026-08-27,NL,M-100,9,1080.0
1047,2026-08-27,DE,M-200,7,3360.0
1048,2026-08-27,IN,M-500,1,12.5
1049,2026-08-27,DE,M-100,2,240.0
1050,2026-08-28,FR,M-300,1,79.0
1051,2026-08-28,FR,M-200,9,4320.0
1052,2026-08-28,NL,M-300,9,711.0
1053,2026-08-28,IN,M-500,9,112.5
1054,2026-08-28,IN,M-500,2,25.0
1055,2026-08-28,DE,M-500,4,50.0
1056,2026-08-28,DE,M-200,3,1440.0
1057,2026-08-28,DE,M-200,2,960.0
1058,2026-08-28,US,M-100,1,120.0
1059,2026-08-30,DE,M-200,6,2880.0
1060,2026-08-30,IN,M-300,9,711.0
1061,2026-08-31,US,M-300,12,948.0
1062,2026-09-01,US,M-400,7,10500.0
1063,2026-09-01,US,M-200,7,3360.0
1064,2026-09-01,US,M-500,7,87.5
1065,2026-09-01,DE,M-500,3,37.5
1066,2026-09-01,IN,M-200,9,4320.0
1067,2026-09-01,US,M-400,12,18000.0
1068,2026-09-01,DE,M-500,4,50.0
1069,2026-09-01,DE,M-100,10,1200.0
1070,2026-09-02,US,M-500,1,12.5
1071,2026-09-02,US,M-400,6,9000.0
1072,2026-09-02,US,M-300,6,474.0
1073,2026-09-02,US,M-500,1,12.5
1074,2026-09-03,NL,M-300,10,790.0
1075,2026-09-03,US,M-500,4,50.0
1076,2026-09-03,US,M-200,2,960.0
1077,2026-09-03,NL,M-500,5,62.5
1078,2026-09-03,DE,M-300,6,474.0
1079,2026-09-04,FR,M-300,9,711.0
1080,2026-09-04,IN,M-500,5,62.5
1081,2026-09-05,NL,M-500,9,112.5
1082,2026-09-05,FR,M-300,4,316.0
1083,2026-09-07,NL,M-300,4,316.0
1084,2026-09-07,FR,M-100,6,720.0
1085,2026-09-07,US,M-400,3,4500.0
1086,2026-09-07,DE,M-100,11,1320.0
1087,2026-09-07,US,M-200,6,2880.0
1088,2026-09-07,IN,M-100,3,360.0
1089,2026-09-07,IN,M-300,6,474.0
1090,2026-09-08,NL,M-400,9,13500.0
1091,2026-09-08,DE,M-200,11,5280.0
1092,2026-09-08,US,M-200,5,2400.0
1093,2026-09-08,US,M-400,8,12000.0
1094,2026-09-08,NL,M-500,3,37.5
1095,2026-09-08,FR,M-100,11,1320.0
1096,2026-09-09,NL,M-200,6,2880.0
1097,2026-09-09,IN,M-200,7,3360.0
1098,2026-09-09,DE,M-100,4,480.0
1099,2026-09-09,NL,M-300,1,79.0
1100,2026-09-10,NL,M-100,12,1440.0
1101,2026-09-10,IN,M-200,6,2880.0
1102,2026-09-10,DE,M-200,8,3840.0
1103,2026-09-10,DE,M-300,8,632.0
1104,2026-09-10,IN,M-100,7,840.0
1105,2026-09-10,DE,M-300,6,474.0
1106,2026-09-11,US,M-100,5,600.0
1107,2026-09-11,IN,M-300,10,790.0
1108,2026-09-11,NL,M-200,7,3360.0
1109,2026-09-11,FR,M-100,10,1200.0
1110,2026-09-11,NL,M-500,12,150.0
1111,2026-09-14,DE,M-200,2,960.0
1112,2026-09-14,US,M-500,7,87.5
1113,2026-09-14,DE,M-300,8,632.0
1114,2026-09-14,US,M-100,10,1200.0
1115,2026-09-14,US,M-500,12,150.0
1116,2026-09-14,FR,M-300,8,632.0
1117,2026-09-15,DE,M-300,9,711.0
1118,2026-09-15,FR,M-400,12,18000.0
1119,2026-09-15,IN,M-300,1,79.0
1120,2026-09-15,US,M-300,7,553.0
1121,2026-09-15,DE,M-100,4,480.0
1122,2026-09-15,DE,M-300,1,79.0
1123,2026-09-16,NL,M-300,4,316.0
1124,2026-09-16,FR,M-300,11,869.0
1125,2026-09-16,DE,M-400,8,12000.0
1126,2026-09-16,US,M-300,12,948.0
1127,2026-09-17,FR,M-300,1,79.0
1128,2026-09-17,NL,M-200,4,1920.0
1129,2026-09-17,NL,M-500,3,37.5
1130,2026-09-17,DE,M-200,5,2400.0
1131,2026-09-17,IN,M-200,5,2400.0
1132,2026-09-18,US,M-300,9,711.0
1133,2026-09-18,IN,M-400,5,7500.0
1134,2026-09-18,US,M-200,7,3360.0
1135,2026-09-18,IN,M-500,5,62.5
1136,2026-09-19,US,M-300,6,474.0
1137,2026-09-20,NL,M-300,12,948.0
1138,2026-09-21,NL,M-200,8,3840.0
1139,2026-09-21,IN,M-400,12,18000.0
1140,2026-09-21,US,M-100,2,240.0
1141,2026-09-21,DE,M-500,6,75.0
1142,2026-09-21,IN,M-200,8,3840.0
1143,2026-09-21,NL,M-100,4,480.0
1144,2026-09-21,US,M-300,7,553.0
1145,2026-09-22,DE,M-100,4,480.0
1146,2026-09-22,DE,M-100,11,1320.0
1147,2026-09-22,NL,M-100,2,240.0
1148,2026-09-22,NL,M-300,1,79.0
1149,2026-09-22,US,M-500,3,37.5
1150,2026-09-22,IN,M-200,12,5760.0
1151,2026-09-22,FR,M-500,9,112.5
1152,2026-09-22,FR,M-100,12,1440.0
1153,2026-09-23,DE,M-100,2,240.0
1154,2026-09-23,IN,M-300,11,869.0
1155,2026-09-23,US,M-400,8,12000.0
1156,2026-09-24,FR,M-100,1,120.0
1157,2026-09-24,IN,M-100,8,960.0
1158,2026-09-24,IN,M-500,10,125.0
1159,2026-09-24,FR,M-400,12,18000.0
1160,2026-09-24,IN,M-200,5,2400.0
1161,2026-09-25,FR,M-500,11,137.5
1162,2026-09-25,IN,M-300,1,79.0
1163,2026-09-25,IN,M-300,11,869.0
1164,2026-09-25,DE,M-200,9,4320.0
1165,2026-09-26,FR,M-100,3,360.0
1166,2026-09-28,DE,M-100,6,720.0
1167,2026-09-28,NL,M-300,4,316.0
1168,2026-09-28,US,M-300,5,395.0
1169,2026-09-28,DE,M-200,8,3840.0
1170,2026-09-28,IN,M-100,5,600.0
1171,2026-09-28,DE,M-300,9,711.0
1172,2026-09-29,NL,M-500,4,50.0
1173,2026-09-29,NL,M-500,1,12.5
1174,2026-09-29,IN,M-300,1,79.0
1175,2026-09-29,IN,M-100,3,360.0
1176,2026-09-29,IN,M-100,6,720.0
1177,2026-09-30,IN,M-300,4,316.0
1178,2026-09-30,DE,M-500,3,37.5
1179,2026-09-30,DE,M-500,5,62.5
1180,2026-09-30,DE,M-500,8,100.0
1181,2026-09-30,FR,M-500,2,25.0
1182,2026-09-30,DE,M-300,8,632.0
1183,2026-09-30,NL,M-100,9,1080.0
